{
    "ignorePatterns": [
		{
			"pattern": "^http://localhost:*"
		},
        {
            "pattern": "^http://127.0.0.1:*"
        },
        {
            "pattern": "^https://opensource.org*"
        }
    ],
    "replacementPatterns": [
        {
            "pattern": "^/",
            "replacement": "/github/workspace/"
        }
    ],
    "httpHeaders": [
        {
            "urls": ["https://docs.github.com/"],
            "headers": {
                "Accept-Encoding": "zstd, br, gzip, deflate"
            }
        }
    ]
}
